threshold,accuracy,precision,recall,f1_score,specificity
0.3,0.7423333333,0.4223602484,0.2922636103,0.3454699407,0.8788010426
0.4,0.766,0.4886363636,0.1232091691,0.1967963387,0.9609035621
0.5,0.77,0.5606060606,0.053008596,0.0968586387,0.9874022589
0.6,0.77,0.625,0.0286532951,0.0547945205,0.9947871416
0.7,0.7683333333,0.5714285714,0.0171919771,0.033379694,0.9960903562
