threshold,accuracy,precision,recall,f1_score,specificity
0.3,0.7826666667,0.5915492958,0.0631578947,0.1141304348,0.9875802998
0.4,0.783,0.625,0.0526315789,0.0970873786,0.991006424
0.5,0.7833333333,0.6666666667,0.045112782,0.0845070423,0.9935760171
0.6,0.7816666667,0.6315789474,0.0360902256,0.0682788051,0.9940042827
0.7,0.7806666667,0.6060606061,0.030075188,0.0573065903,0.9944325482
